skill_id,label_text,model,litellm_model,rationale,primary_category,education_overlay,secondary_category,confidence,cost,ts
http://data.europa.eu/esco/skill/001d46db-035e-4b92-83a3-ed8771e0c123,train staff to reduce food waste,llama_llama,ollama_chat/llama3.2:1b,"The skill involves educating staff on food waste reduction practices and tools for food recycling, which aligns with G6 Sustainable Mobility & Green Manufacturing",G6,True,,0.9,0.0,2026-07-12T20:06:00.158780+00:00
http://data.europa.eu/esco/skill/0037c821-2898-4919-b96e-7ed1cd89554c,develop energy saving concepts,llama_llama,ollama_chat/llama3.2:1b,The skill involves developing concepts for energy saving which require a lesser amount of energy such as new insulation practices and materials.,G6,False,,0.9,0.0,2026-07-12T20:06:03.361749+00:00
http://data.europa.eu/esco/skill/00735755-adc6-4ea0-b034-b8caff339c9f,install heat pump,llama_llama,ollama_chat/llama3.2:1b,"The skill involves installing and configuring heat pumps, which are a type of renewable energy system that generates heat from refrigerants.",G6,True,,0.9,0.0,2026-07-12T20:06:06.516108+00:00
http://data.europa.eu/esco/skill/0082c13b-5866-4542-bc4f-722a4ae9530e,design biomass installations,llama_llama,ollama_chat/llama3.2:1b,"The skill involves designing a biomass energy system, which falls under G6 Sustainable Mobility & Green Manufacturing",G6,False,,0.9,0.0,2026-07-12T20:06:09.232981+00:00
http://data.europa.eu/esco/skill/012d6406-016a-4790-aeb8-853e61058517,maintain sorting equipment,llama_llama,ollama_chat/llama3.2:1b,The maintenance and repair of sorting equipment are essential for its continued operation and effectiveness in managing waste and recyclables.,G6,True,,0.9,0.0,2026-07-12T20:06:12.209598+00:00
http://data.europa.eu/esco/skill/0171653e-c8e9-4c24-bb86-a4b6fe038f25,adopt ways to foster biodiversity and animal welfare,llama_llama,ollama_chat/llama3.2:1b,The skill promotes sustainable food systems and animal welfare by encouraging conscious dietary choices that support organic production and reduce mass extinction.,G6,True,,0.9,0.0,2026-07-12T20:06:15.100625+00:00
http://data.europa.eu/esco/skill/01895f13-1989-4756-80d6-9b9ee19ddb32,perform a feasibility study for building management systems,llama_llama,ollama_chat/llama3.2:1b,"The skill involves evaluating and assessing the potential of a building management system to determine its energy saving contribution, costs, and restrictions.",G6,False,,0.9,0.0,2026-07-12T20:06:18.199695+00:00
http://data.europa.eu/esco/skill/023faef3-0633-436d-8b91-389c45c1421c,contamination exposure regulations,llama_llama,ollama_chat/llama3.2:1b,"The regulations concern exposure to contaminated materials or a hazardous environment which regulate the actions surrounding risk assessment, minimisation of further exposure, quarantine, and treatment of the exposed persons.",G7,False,,0.9,0.0,2026-07-12T20:06:21.751860+00:00
http://data.europa.eu/esco/skill/02619401-8e21-46e5-8f19-204747fd755d,remove contaminated materials,llama_llama,ollama_chat/llama3.2:1b,The skill involves removing hazardous substances from contaminated materials to protect the environment and human health.,G6,True,,0.9,0.0,2026-07-12T20:06:24.540003+00:00
http://data.europa.eu/esco/skill/03d93bf5-3c09-489c-a0d7-a895b068041a,rescue animals,llama_llama,ollama_chat/llama3.2:1b,The primary outcome is to protect animal welfare,G6,False,,0.5,0.0,2026-07-12T20:06:26.908482+00:00
http://data.europa.eu/esco/skill/04012dd1-478d-4eec-9951-dd623bfe86ca,climate smart agriculture,llama_llama,ollama_chat/llama3.2:1b,"The skill aims at increasing food productivity, enhancing crop resilience, ensuring food safety and reducing emissions and adapting to climate change.",G6,True,,0.9,0.0,2026-07-12T20:06:30.035752+00:00
http://data.europa.eu/esco/skill/052b829c-67c5-466f-9300-0e0b001a68ef,prepare energy performance contracts,llama_llama,ollama_chat/llama3.2:1b,The skill involves preparing and reviewing contracts that describe energy performance while ensuring compliance with legal requirements.,G7,True,,0.9,0.0,2026-07-12T20:06:32.994456+00:00
http://data.europa.eu/esco/skill/05dbdec3-c9d0-4f15-91ad-0700475a0f75,assess environmental influences on bovine feet,llama_llama,ollama_chat/llama3.2:1b,The influence of environmental factors on bovine feet is a critical aspect of sustainable agriculture and animal health.,G6,False,,0.9,0.0,2026-07-12T20:06:36.134436+00:00
http://data.europa.eu/esco/skill/05e5e14f-ffa6-4106-b311-c6335ccc2bd2,solar energy,llama_llama,ollama_chat/llama3.2:1b,The skill is related to renewable energy and energy systems,G1,False,,0.9,0.0,2026-07-12T20:06:38.570311+00:00
http://data.europa.eu/esco/skill/062ec888-7fd2-4b1e-860e-4cdcc9503ab3,manage land resources permits,llama_llama,ollama_chat/llama3.2:1b,The skill involves assessing and managing land resources to prevent degradation of water and aquatic habitats.,G6,False,,0.9,0.0,2026-07-12T20:06:41.497509+00:00
http://data.europa.eu/esco/skill/065ec709-e0f4-407f-91fe-9feab66942be,design sprinkler systems,llama_llama,ollama_chat/llama3.2:1b,The skill involves designing a system that conserves water and takes into account existing landscaping features and time sequencing.,G6,False,,0.9,0.0,2026-07-12T20:06:44.336351+00:00
http://data.europa.eu/esco/skill/06a4004d-ee47-44ff-ae2f-a038ba0c0256,perform a feasibility study on mini wind power,llama_llama,ollama_chat/llama3.2:1b,The feasibility study on mini wind power aims to evaluate and assess the potential of mini wind power systems in terms of electrical power demand estimation and research support for decision making.,G6,True,,0.9,0.0,2026-07-12T20:06:47.552120+00:00
http://data.europa.eu/esco/skill/072f35a1-98e7-4a6c-9a19-474ace5644da,cultivate crops for biomass,llama_llama,ollama_chat/llama3.2:1b,"The skill involves growing crops for biomass, which is a primary category under G6 Sustainable Mobility & Green Manufacturing.",G6,False,,0.9,0.0,2026-07-12T20:06:50.769762+00:00
http://data.europa.eu/esco/skill/07c29939-d5fe-4f7f-8546-f1d02fd352db,inspect silo systems,llama_llama,ollama_chat/llama3.2:1b,The skill involves inspecting and monitoring silo systems to ensure they are operating safely and efficiently without releasing harmful emissions.,G6,True,,0.9,0.0,2026-07-12T20:06:53.684345+00:00
http://data.europa.eu/esco/skill/07ec6866-d283-46a6-991c-e8ce0c6fc159,interpret scientific data to assess water quality,llama_llama,ollama_chat/llama3.2:1b,"The skill involves analyzing and interpreting scientific data to assess water quality, which is a critical aspect of environmental protection.",G6,False,,0.8,0.0,2026-07-12T20:06:56.660334+00:00
http://data.europa.eu/esco/skill/00735755-adc6-4ea0-b034-b8caff339c9f,install heat pump,llama_gemma,ollama_chat/gemma3:1b,The skill involves physical installation and configuration – specifically installing a heat pump system. This falls under the category of Energy Efficiency & Built Environment.,G2,False,,1.0,0.0,2026-07-12T20:07:34.433960+00:00
http://data.europa.eu/esco/skill/0082c13b-5866-4542-bc4f-722a4ae9530e,design biomass installations,llama_gemma,ollama_chat/gemma3:1b,"The skill involves detailed design and calculation related to biomass energy systems – including construction boundaries, capacity, flow, and temperature indicators. It requires a significant level of technical expertise.",G2,False,,1.0,0.0,2026-07-12T20:07:38.496979+00:00
http://data.europa.eu/esco/skill/05e5e14f-ffa6-4106-b311-c6335ccc2bd2,solar energy,llama_gemma,ollama_chat/gemma3:1b,This skill falls under Renewable Energy & Energy Systems because it directly involves harnessing solar energy as a renewable resource.,G1,False,,1.0,0.0,2026-07-12T20:10:11.565982+00:00
http://data.europa.eu/esco/skill/065ec709-e0f4-407f-91fe-9feab66942be,design sprinkler systems,llama_gemma,ollama_chat/gemma3:1b,The skill involves designing sprinkler systems – a practical application of engineering principles and spatial planning within an environmental context.,G2,False,,1.0,0.0,2026-07-12T20:10:35.979208+00:00
http://data.europa.eu/esco/skill/072f35a1-98e7-4a6c-9a19-474ace5644da,cultivate crops for biomass,llama_gemma,ollama_chat/gemma3:1b,"This skill relates to agricultural practices and biomass production, which falls under Sustainable Agriculture, Forestry & Food.",G5,False,,1.0,0.0,2026-07-12T20:10:57.372830+00:00
http://data.europa.eu/esco/skill/001d46db-035e-4b92-83a3-ed8771e0c123,train staff to reduce food waste,llama_qwen,ollama_chat/qwen2.5:1.5b,"The skill involves educating staff on food waste reduction practices and methods for recycling, which falls under environmental protection and natural capital.",G4,True,,0.95,0.0,2026-07-12T20:11:36.512700+00:00
http://data.europa.eu/esco/skill/0037c821-2898-4919-b96e-7ed1cd89554c,develop energy saving concepts,llama_qwen,ollama_chat/qwen2.5:1.5b,"The skill involves developing concepts that require a lesser amount of energy, which falls under the category of Energy Efficiency & Built Environment.",G2,False,,1.0,0.0,2026-07-12T20:11:39.064889+00:00
http://data.europa.eu/esco/skill/00735755-adc6-4ea0-b034-b8caff339c9f,install heat pump,llama_qwen,ollama_chat/qwen2.5:1.5b,The skill involves physical construction/installation and energy generation.,G2,False,,0.95,0.0,2026-07-12T20:11:41.651050+00:00
http://data.europa.eu/esco/skill/0082c13b-5866-4542-bc4f-722a4ae9530e,design biomass installations,llama_qwen,ollama_chat/qwen2.5:1.5b,"The skill involves designing and calculating indicators for biomass energy systems, which falls under renewable energy generation.",G1,False,,0.95,0.0,2026-07-12T20:11:44.005786+00:00
http://data.europa.eu/esco/skill/012d6406-016a-4790-aeb8-853e61058517,maintain sorting equipment,llama_qwen,ollama_chat/qwen2.5:1.5b,"The skill involves performing routine maintenance and minor repairs on sorting equipment used for waste management, which falls under environmental protection and natural capital.",G4,False,,0.95,0.0,2026-07-12T20:11:46.499469+00:00
http://data.europa.eu/esco/skill/0171653e-c8e9-4c24-bb86-a4b6fe038f25,adopt ways to foster biodiversity and animal welfare,llama_qwen,ollama_chat/qwen2.5:1.5b,"The skill involves promoting sustainable eating habits that support biodiversity and animal welfare, which falls under environmental protection and natural capital.",G4,False,,0.95,0.0,2026-07-12T20:11:49.114472+00:00
http://data.europa.eu/esco/skill/01895f13-1989-4756-80d6-9b9ee19ddb32,perform a feasibility study for building management systems,llama_qwen,ollama_chat/qwen2.5:1.5b,"The skill involves evaluating and assessing a building management system's potential for energy savings, costs, and restrictions, which aligns with G2 Energy Efficiency & Built Environment.",G2,False,,1.0,0.0,2026-07-12T20:11:51.978745+00:00
http://data.europa.eu/esco/skill/023faef3-0633-436d-8b91-389c45c1421c,contamination exposure regulations,llama_qwen,ollama_chat/qwen2.5:1.5b,"The skill is related to environmental protection and natural capital, specifically concerning regulations that address exposure to contaminated materials.",G6,False,,0.95,0.0,2026-07-12T20:11:54.423183+00:00
http://data.europa.eu/esco/skill/02619401-8e21-46e5-8f19-204747fd755d,remove contaminated materials,llama_qwen,ollama_chat/qwen2.5:1.5b,The skill involves removing contaminated materials to protect the surroundings from further contamination and treat/dispose of them.,G3,False,,1.0,0.0,2026-07-12T20:11:56.987651+00:00
http://data.europa.eu/esco/skill/03d93bf5-3c09-489c-a0d7-a895b068041a,rescue animals,llama_qwen,ollama_chat/qwen2.5:1.5b,The skill involves direct intervention to protect animal welfare from immediate threats.,G6,False,,1.0,0.0,2026-07-12T20:11:59.452380+00:00
http://data.europa.eu/esco/skill/04012dd1-478d-4eec-9951-dd623bfe86ca,climate smart agriculture,llama_qwen,ollama_chat/qwen2.5:1.5b,Climate smart agriculture integrates practices that enhance food productivity and resilience while reducing emissions and adapting to climate change.,G6,False,,0.95,0.0,2026-07-12T20:12:01.794356+00:00
http://data.europa.eu/esco/skill/052b829c-67c5-466f-9300-0e0b001a68ef,prepare energy performance contracts,llama_qwen,ollama_chat/qwen2.5:1.5b,"The skill involves preparing and reviewing contracts that describe energy performance, which falls under environmental management and policy governance.",G7,False,,0.95,0.0,2026-07-12T20:12:04.258215+00:00
http://data.europa.eu/esco/skill/05dbdec3-c9d0-4f15-91ad-0700475a0f75,assess environmental influences on bovine feet,llama_qwen,ollama_chat/qwen2.5:1.5b,"The skill assesses environmental factors that influence bovine foot health, which falls under environmental protection and natural capital.",G6,False,,0.95,0.0,2026-07-12T20:12:06.921523+00:00
http://data.europa.eu/esco/skill/05e5e14f-ffa6-4106-b311-c6335ccc2bd2,solar energy,llama_qwen,ollama_chat/qwen2.5:1.5b,The skill involves generating renewable energy from sunlight using technologies like photovoltaics and solar thermal energy.,G1,False,,0.95,0.0,2026-07-12T20:12:09.476316+00:00
http://data.europa.eu/esco/skill/062ec888-7fd2-4b1e-860e-4cdcc9503ab3,manage land resources permits,llama_qwen,ollama_chat/qwen2.5:1.5b,"The skill involves environmental management and policy-making related to land resources permits, which falls under governance.",G7,False,,1.0,0.0,2026-07-12T20:12:12.244724+00:00
http://data.europa.eu/esco/skill/065ec709-e0f4-407f-91fe-9feab66942be,design sprinkler systems,llama_qwen,ollama_chat/qwen2.5:1.5b,"The skill involves designing sprinkler systems, which is a physical construction/installation task related to water conservation and landscaping features.",G2,False,,0.95,0.0,2026-07-12T20:12:15.052292+00:00
http://data.europa.eu/esco/skill/06a4004d-ee47-44ff-ae2f-a038ba0c0256,perform a feasibility study on mini wind power,llama_qwen,ollama_chat/qwen2.5:1.5b,"The skill involves evaluating and assessing potential mini wind power systems, which is a core act in environmental management related to renewable energy.",G1,False,,0.95,0.0,2026-07-12T20:12:17.801064+00:00
http://data.europa.eu/esco/skill/072f35a1-98e7-4a6c-9a19-474ace5644da,cultivate crops for biomass,llama_qwen,ollama_chat/qwen2.5:1.5b,"The skill involves cultivating crops for biomass production, which is a process that falls under energy systems and environmental protection.",G1,False,,0.95,0.0,2026-07-12T20:12:20.846535+00:00
http://data.europa.eu/esco/skill/07c29939-d5fe-4f7f-8546-f1d02fd352db,inspect silo systems,llama_qwen,ollama_chat/qwen2.5:1.5b,Inspecting silo systems to minimise harmful emissions during their use is primarily related to environmental protection and natural capital.,G4,False,,0.95,0.0,2026-07-12T20:12:23.404307+00:00
http://data.europa.eu/esco/skill/07ec6866-d283-46a6-991c-e8ce0c6fc159,interpret scientific data to assess water quality,llama_qwen,ollama_chat/qwen2.5:1.5b,"The skill involves interpreting scientific data to assess water quality, which is a core function in environmental protection and natural capital.",G4,False,,1.0,0.0,2026-07-12T20:12:26.094235+00:00
